{
  "project_info": {
    "project_number": "116783312631",
    "firebase_url": "https://urnadigital-3ba35-default-rtdb.firebaseio.com",
    "project_id": "urnadigital-3ba35",
    "storage_bucket": "urnadigital-3ba35.appspot.com"
  },
  "client": [
    {
      "client_info": {
        "mobilesdk_app_id": "1:116783312631:android:0008b9fe41fade2224adf2",
        "android_client_info": {
          "package_name": "com.example.urna"
        }
      },
      "oauth_client": [
        {
          "client_id": "116783312631-d2gnbcj6sic55n7h6loua80dfct8s9u3.apps.googleusercontent.com",
          "client_type": 1,
          "android_info": {
            "package_name": "com.example.urna",
            "certificate_hash": "9da5d9c01a9e7b3bc514d75e5ecd6e836e5d86cb"
          }
        },
        {
          "client_id": "116783312631-6t4t29k5hourvu1sct3crqhndl94nluk.apps.googleusercontent.com",
          "client_type": 3
        }
      ],
      "api_key": [
        {
          "current_key": "AIzaSyC15B53YjqRDB8_GxTo5rUArqIWuKNpuNo"
        }
      ],
      "services": {
        "appinvite_service": {
          "other_platform_oauth_client": [
            {
              "client_id": "116783312631-6t4t29k5hourvu1sct3crqhndl94nluk.apps.googleusercontent.com",
              "client_type": 3
            }
          ]
        }
      }
    }
  ],
  "configuration_version": "1"
}